"ISO3","Annee","Emission annuelle","Somme des emissions","percentage"
"AFG",2015,9791093,1041,0.010632112267751926
"AFG",2016,9067598,3690,0.04069434926427043
"AFG",2017,9867969,1915,0.019406222293564156
"AFG",2018,10818048,1172,0.010833747456102986
"AFG",2019,11081621,1160,0.010467782646600168
"AFG",2020,11888066,1111,0.009345506661891009
"AFG",2021,12283148,900,0.007327111909748217
"AFG",2022,12147948,690,0.005679971629776486
"ALB",2015,4712144,15873,0.33685303335381944
"ALB",2016,4631979,1804,0.03894663598431686
"ALB",2017,5293048,134,0.0025316226113951735
"ALB",2018,4894953,21659,0.44247615860663014
"ALB",2019,4826944,29940,0.6202682276819453
"ALB",2020,5018921,38049,0.7581111557643566
"ALB",2021,4903652,36856,0.7516030909208076
"ALB",2022,4954730,35075,0.7079094118145691
"DZA",2015,160087460,27169,0.01697134803687934
"DZA",2016,158481630,23839,0.015042121916590585
"DZA",2017,165089600,14639,0.008867305996259001
"DZA",2018,171276020,20556,0.012001680095088618
"DZA",2019,178577220,22567,0.012637110153243508
"DZA",2020,169892770,17591,0.010354178108933064
"DZA",2021,180225200,11800,0.006547364075612068
"DZA",2022,176345140,9022,0.005116103568263917
"AND",2015,465328,0,0
"AND",2016,468992,0,0
"AND",2017,465328,0,0
"AND",2018,494640,0,0
"AND",2019,483648,0,0
"AND",2020,373728,0,0
"AND",2021,363046,0,0
"AND",2022,368645,0,0
"AGO",2015,26030358,523,0.0020091924974677644
"AGO",2016,23992706,552,0.0023006992208381995
"AGO",2017,22617028,579,0.0025600180536540875
"AGO",2018,21434458,596,0.002780569492356653
"AGO",2019,19222174,613,0.003189025341254324
"AGO",2020,16764786,640,0.003817525615895127
"AGO",2021,17505714,659,0.003764485127541784
"AGO",2022,16070269,679,0.004225193741311984
"AIA",2015,139232,0,0
"AIA",2016,139232,0,0
"AIA",2017,128240.01,0,0
"AIA",2018,131904,0,0
"AIA",2019,146560,0,0
"AIA",2020,142896,0,0
"AIA",2021,137698,0,0
"AIA",2022,138967,0,0
"ATG",2015,582576,0,0
"ATG",2016,597232,0,0
"ATG",2017,604560,0,0
"ATG",2018,615552,0,0
"ATG",2019,641200,0,0
"ATG",2020,619216,0,0
"ATG",2021,596693,0,0
"ATG",2022,602192,0,0
"ARG",2015,191743840,758476,0.39556733608756345
"ARG",2016,189920450,806885,0.42485419553291914
"ARG",2017,186898880,555923,0.29744587019462077
"ARG",2018,180599310,405423,0.22448756864021244
"ARG",2019,178511620,289350,0.16209028857617225
"ARG",2020,166879580,406401,0.24352949593952716
"ARG",2021,189744130,356083,0.1876648305273001
"ARG",2022,192864430,331780,0.17202757398033428
"ARM",2015,5469323,627062,11.465075293596666
"ARM",2016,5203013,787548,15.136383476266541
"ARM",2017,5540153,793460,14.321987136456341
"ARM",2018,5825786,571082,9.802660104576447
"ARM",2019,6284110,729029,11.601149566127901
"ARM",2020,6799022,1856331,27.30291209529841
"ARM",2021,7064143,1668595,23.620628857598156
"ARM",2022,6407760,1655185,25.830945603455806
"ABW",2015,897680,0,0
"ABW",2016,883024,0,0
"ABW",2017,890352,0,0
"ABW",2018,872032,0,0
"ABW",2019,890352,0,0
"ABW",2020,890352,0,0
"ABW",2021,857967,0,0
"ABW",2022,865874,0,0
"AUS",2015,401378370,8242031,2.053431778100051
"AUS",2016,410253600,8356311,2.0368647587735973
"AUS",2017,413655460,8214584,1.9858517037343106
"AUS",2018,415350720,8590814,2.0683277014663655
"AUS",2019,415811260,8798580,2.116003303999031
"AUS",2020,396685200,9414378,2.373261719872584
"AUS",2021,386606940,11037175,2.854882791291848
"AUS",2022,392279260,11568423,2.9490274352001173
"AUT",2015,66365640,162432,0.24475315841149126
"AUT",2016,67226580,154952,0.23049216545003476
"AUT",2017,69608664,166969,0.23986812905933663
"AUT",2018,66571892,159093,0.23897923766384768
"AUT",2019,67956160,171814,0.2528306484651281
"AUT",2020,62121252,164475,0.26476446418047084
"AUT",2021,66018630,175652,0.266064291246274
"AUT",2022,61488424,179288,0.29158008668428387
"AZE",2015,34682950,28939,0.0834386924987638
"AZE",2016,34727330,42793,0.12322571300471415
"AZE",2017,34607044,46319,0.1338426939902755
"AZE",2018,34575828,37989,0.10987155535364186
"AZE",2019,37737896,49826,0.1320317380704001
"AZE",2020,36149228,58867,0.1628444181435908
"AZE",2021,38333620,62086,0.16196226706478545
"AZE",2022,38062656,60976,0.1601990150135608
"BHS",2015,2246032,0,0
"BHS",2016,2209392,0,0
"BHS",2017,2509840,0,0
"BHS",2018,2421904,0,0
"BHS",2019,2454880,0,0
"BHS",2020,2183744,0,0
"BHS",2021,2100671,0,0
"BHS",2022,2120000,0,0
"BHR",2015,32459652,0,0
"BHR",2016,31559504,0,0
"BHR",2017,32835182,0,0
"BHR",2018,32636948,0,0
"BHR",2019,37583132,0,0
"BHR",2020,37395950,0,0
"BHR",2021,38122464,0,0
"BHR",2022,37795670,0,0
"BGD",2015,73157550,1119,0.0015295755530358795
"BGD",2016,76203280,194,0.0002545822174583561
"BGD",2017,80741780,78,0.0000966042611396479
"BGD",2018,82555700,915,0.001108342609898529
"BGD",2019,100791880,1282,0.0012719278576805988
"BGD",2020,93614960,1031,0.0011013197036029284
"BGD",2021,98760296,1564,0.0015836323536332858
"BGD",2022,102103340,1900,0.0018608597916581378
"BRB",2015,1686392,0,0
"BRB",2016,1693720,0,0
"BRB",2017,1644597,0,0
"BRB",2018,1655590,0,0
"BRB",2019,1666716,0,0
"BRB",2020,1233549,0,0
"BRB",2021,1226393,0,0
"BRB",2022,1232837,0,0
"BLR",2015,58798910,11,0.00001870782978800117
"BLR",2016,58134484,8,0.000013761195506611875
"BLR",2017,59381852,8,0.00001347212949841982
"BLR",2018,62156932,9,0.000014479479135167095
"BLR",2019,62096344,8,0.00001288320613529196
"BLR",2020,59055548,7,0.000011853247048016555
"BLR",2021,60938200,7,0.000011487047533402694
"BLR",2022,58801130,6,0.000010203885537573852
"BEL",2015,101145630,0,0
"BEL",2016,99623020,0,0
"BEL",2017,99055040,0,0
"BEL",2018,99967320,0,0
"BEL",2019,99470264,0,0
"BEL",2020,91101384,0,0
"BEL",2021,95668080,0,0
"BEL",2022,89605360,0,0
"BLZ",2015,641200,0,0
"BLZ",2016,626544,0,0
"BLZ",2017,615552,0,0
"BLZ",2018,604560,0,0
"BLZ",2019,707152,0,0
"BLZ",2020,613332,0,0
"BLZ",2021,702059,0,0
"BLZ",2022,725231,0,0
"BEN",2015,5328876,0,0
"BEN",2016,6494014,0,0
"BEN",2017,6804151,0,0
"BEN",2018,7434497,0,0
"BEN",2019,7116143,0,0
"BEN",2020,7744662,0,0
"BEN",2021,8312495,0,0
"BEN",2022,8432160,0,0
"BMU",2015,538608,0,0
"BMU",2016,619216,0,0
"BMU",2017,633872,0,0
"BMU",2018,696160,0,0
"BMU",2019,593568,0,0
"BMU",2020,458000,0,0
"BMU",2021,441341,0,0
"BMU",2022,445408,0,0
"BTN",2015,1056506,10553,0.9988585015134794
"BTN",2016,1261386,10878,0.862384710152166
"BTN",2017,1341511,12112,0.9028625184586634
"BTN",2018,1477737,12914,0.8739038137368151
"BTN",2019,1458625,12725,0.8723969491815923
"BTN",2020,919762,13735,1.4933210982841214
"BTN",2021,1062180,15096,1.4212280404451223
"BTN",2022,1055528,15897,1.5060708953244253
"BOL",2015,19886526,47974,0.24123871610355674
"BOL",2016,21239286,44123,0.2077423883269899
"BOL",2017,22171246,34006,0.15337884032318255
"BOL",2018,22501642,26399,0.11732032711212809
"BOL",2019,22605112,22775,0.10075154681825951
"BOL",2020,18326306,6901,0.03765625216560282
"BOL",2021,21725994,5984,0.027543043600214565
"BOL",2022,21493740,6799,0.03163246601103391
"BES",2015,95264,0,0
"BES",2016,102592,0,0
"BES",2017,102592,0,0
"BES",2018,98928,0,0
"BES",2019,109920,0,0
"BES",2020,113584,0,0
"BES",2021,109453,0,0
"BES",2022,110461,0,0
"BIH",2015,18460492,1994700,10.805237476877648
"BIH",2016,21730408,2085337,9.596400582998719
"BIH",2017,22156174,2006161,9.054636418724641
"BIH",2018,22075036,1694633,7.676694162582566
"BIH",2019,20810378,1702106,8.179121013563522
"BIH",2020,20831812,310453,1.4902832264423278
"BIH",2021,19937964,245497,1.2313042595522792
"BIH",2022,19735710,239782,1.214965157068076
"BWA",2015,5421209,28363,0.5231858797548665
"BWA",2016,6348201,34238,0.5393338994779782
"BWA",2017,7077332,15919,0.224929394297173
"BWA",2018,7504259,16297,0.2171700097238115
"BWA",2019,6782064,13814,0.20368430613453367
"BWA",2020,5550960,14261,0.25691051637914886
"BWA",2021,6136440,14531,0.23679853465527245
"BWA",2022,7467293,298815,4.00165093294183
"BRA",2015,529353020,12768625,2.4121190429781625
"BRA",2016,492748000,12619024,2.560948801415734
"BRA",2017,497121380,13539832,2.723647089972272
"BRA",2018,477998620,13867011,2.901056701795499
"BRA",2019,473464400,12820831,2.7078764528019423
"BRA",2020,444504320,15229621,3.4262031469120475
"BRA",2021,497206340,15583480,3.134207822048287
"BRA",2022,483477300,14775425,3.0560741941762313
"VGB",2015,227168,0,0
"VGB",2016,230832,0,0
"VGB",2017,179536,0,0
"VGB",2018,161216,0,0
"VGB",2019,164880,0,0
"VGB",2020,161216,0,0
"VGB",2021,155352,0,0
"VGB",2022,156784,0,0
"BRN",2015,6933290,0,0
"BRN",2016,7632908,0,0
"BRN",2017,9309384,0,0
"BRN",2018,9344461,0,0
"BRN",2019,10732756,0,0
"BRN",2020,11101930,0,0
"BRN",2021,11301837,0,0
"BRN",2022,10753688,0,0
"BGR",2015,48121012,248141,0.5156603938420913
"BGR",2016,45336944,244058,0.5383203596607659
"BGR",2017,47430590,252467,0.5322872854839039
"BGR",2018,43479636,241545,0.5555359295096215
"BGR",2019,42232710,245293,0.5808128344119996
"BGR",2020,36533612,55965,0.15318770013761573
"BGR",2021,42281884,54812,0.12963471542564187
"BGR",2022,46147496,50366,0.10914134972783789
"BFA",2015,3714985,0,0
"BFA",2016,3903988,0,0
"BFA",2017,4519039,0,0
"BFA",2018,5010070,0,0
"BFA",2019,5507514,0,0
"BFA",2020,5194114,0,0
"BFA",2021,5878726,0,0
"BFA",2022,5962168,0,0
"BDI",2015,355408,3981,1.1201211002566065
"BDI",2016,428688,4313,1.0060930093681186
"BDI",2017,512960.03,4645,0.9055286432356143
"BDI",2018,645078,4976,0.771379585104437
"BDI",2019,688832,4976,0.7223822354362167
"BDI",2020,735766,5374,0.7303952615369561
"BDI",2021,800000,5640,0.705
"BDI",2022,798451,5905,0.7395569671776978
"KHM",2015,8365610,18,0.00021516661666035113
"KHM",2016,10921712,21,0.00019227754769581912
"KHM",2017,12475530,33,0.0002645178200845976
"KHM",2018,13933845,47,0.00033730818736680363
"KHM",2019,18219576,75,0.00041164514476077816
"KHM",2020,19034220,80,0.00042029565697990256
"KHM",2021,20130392,95,0.00047192324918461594
"KHM",2022,19955042,111,0.0005562503952635129
"CMR",2015,9850663,1055,0.010709939016287532
"CMR",2016,9958010,1093,0.010976088596014665
"CMR",2017,9578064,884,0.009229422563891825
"CMR",2018,9645489,873,0.00905086305111125
"CMR",2019,9591827,873,0.009101498598754962
"CMR",2020,9701611,780,0.008039901826614158
"CMR",2021,10297741,715,0.00694327037357028
"CMR",2022,9572651,663,0.006925981110143888
"CAN",2015,570680400,2781720,0.48743920414999364
"CAN",2016,557689700,2763632,0.4955501240205799
"CAN",2017,566651900,2727024,0.48125207027453715
"CAN",2018,577066300,2714299,0.4703617244673619
"CAN",2019,578587700,2974856,0.514158182069892
"CAN",2020,522845280,10756574,2.057314928806472
"CAN",2021,537173760,9366821,1.7437227388024314
"CAN",2022,547943900,9259429,1.6898498185671926
"CPV",2015,490976,0,0
"CPV",2016,494640,0,0
"CPV",2017,509296,0,0
"CPV",2018,538608,0,0
"CPV",2019,560592,0,0
"CPV",2020,516623.97,0,0
"CPV",2021,558858,0,0
"CPV",2022,568778,0,0
"CAF",2015,179536,0,0
"CAF",2016,197856,0,0
"CAF",2017,216176,0,0
"CAF",2018,219840,0,0
"CAF",2019,227168,0,0
"CAF",2020,238160,0,0
"CAF",2021,249235,0,0
"CAF",2022,226226,0,0
"TCD",2015,2351698,0,0
"TCD",2016,2374447,0,0
"TCD",2017,2344165,0,0
"TCD",2018,2383510,0,0
"TCD",2019,2303133,0,0
"TCD",2020,2279219,0,0
"TCD",2021,2466556,0,0
"TCD",2022,2369204,0,0
"CHL",2015,81782160,14265827,17.443690653316075
"CHL",2016,84250500,13717398,16.281681414353624
"CHL",2017,84138260,13620899,16.188710106436716
"CHL",2018,84438870,14371776,17.020331986915505
"CHL",2019,91977096,14243170,15.485561753330416
"CHL",2020,80178160,11480754,14.3190539668159
"CHL",2021,89036664,10608405,11.914647880338373
"CHL",2022,84377720,9733002,11.535037922333052
"CHN",2015,9866952000,43330203,0.4391447632460359
"CHN",2016,9765029000,41911923,0.42920428602925803
"CHN",2017,10011151000,39049844,0.39006348021321424
"CHN",2018,10353934000,37689671,0.36401305049848687
"CHN",2019,10721042000,39412497,0.3676181568918394
"CHN",2020,10914012000,14872830,0.13627280233886493
"CHN",2021,11336233000,10563828,0.09318640504301562
"CHN",2022,11396777000,11821398,0.1037257989693051
"COL",2015,96774220,25208,0.026048259546809057
"COL",2016,99685730,21327,0.02139423566442258
"COL",2017,92275010,21512,0.023312920800550443
"COL",2018,87112040,18030,0.020697483378876214
"COL",2019,94497930,19343,0.02046923144242419
"COL",2020,89731320,19563,0.021801752164127306
"COL",2021,95765200,25161,0.026273635934556602
"COL",2022,99717870,26277,0.02635134504978897
"COM",2015,179536,0,0
"COM",2016,216176,0,0
"COM",2017,267472,0,0
"COM",2018,293120,0,0
"COM",2019,311440,0,0
"COM",2020,381056,0,0
"COM",2021,415130,0,0
"COM",2022,412760,0,0
"COG",2015,5633314,0,0
"COG",2016,5729264,0,0
"COG",2017,5651375,26158,0.4628608082103912
"COG",2018,6544945,26603,0.4064663644996253
"COG",2019,7290182,27446,0.3764789411293161
"COG",2020,7391505,18953,0.2564159802367718
"COG",2021,7255881,1609,0.02217511560622342
"COG",2022,7431930,1801,0.024233274532994793
"COK",2015,80608,0,0
"COK",2016,73280,0,0
"COK",2017,80608,0,0
"COK",2018,80608,0,0
"COK",2019,84272,0,0
"COK",2020,65952,0,0
"COK",2021,68819,0,0
"COK",2022,68043,0,0
"CRI",2015,7406021,87,0.0011747198664438028
"CRI",2016,7855934,87,0.0011074431124294068
"CRI",2017,8029008,87,0.0010835709716567725
"CRI",2018,8012376,69,0.0008611677734544659
"CRI",2019,7698382,69,0.0008962922338745985
"CRI",2020,6763180,63,0.0009315144650889079
"CRI",2021,7655385,56,0.0007315112172673223
"CRI",2022,7888694,50,0.0006338184748958446
"CIV",2015,9554745,5,0.00005233002031974689
"CIV",2016,11982747,5,0.00004172665917088961
"CIV",2017,12001905,5,0.000041660053133231766
"CIV",2018,10352434,5,0.000048297820589824574
"CIV",2019,10535081,5,0.000047460479895693255
"CIV",2020,11018607,5,0.00004537778686543589
"CIV",2021,11729395,5,0.0000426279445785567
"CIV",2022,11734159,5,0.00004261063788210131
"HRV",2015,17824704,6485,0.03638209083303712
"HRV",2016,18109014,6254,0.034535287233197785
"HRV",2017,18743996,6550,0.03494452303553629
"HRV",2018,17724152,8023,0.045265917376470254
"HRV",2019,17857446,8020,0.04491123758683073
"HRV",2020,16870528,8518,0.050490417371643614
"HRV",2021,17410628,9273,0.05326057164623815
"HRV",2022,17526086,9859,0.056253290095689364
"CUB",2015,29468648,276,0.0009365886076619464
"CUB",2016,28171536,256,0.0009087186442372188
"CUB",2017,24947550,286,0.0011464051580215293
"CUB",2018,23133148,307,0.001327099969273529
"CUB",2019,22618818,296,0.001308644863759017
"CUB",2020,21277102,1278362,6.008158441878034
"CUB",2021,20940420,941959,4.498281314319389
"CUB",2022,20921022,923456,4.414009984789462
"CUW",2015,7328000,0,0
"CUW",2016,6192160,0,0
"CUW",2017,4964720,0,0
"CUW",2018,4312528,0,0
"CUW",2019,2242368,0,0
"CUW",2020,1806352,0,0
"CUW",2021,1740648,0,0
"CUW",2022,1756690,0,0
"CYP",2015,6971575,32060,0.45986739008043376
"CYP",2016,7373670,37471,0.5081729993341172
"CYP",2017,7503812,42787,0.5702035178919728
"CYP",2018,7321720,44071,0.60192140644548
"CYP",2019,7342336,45571,0.6206607815278408
"CYP",2020,6910908,49941,0.7226402087829848
"CYP",2021,7029358,53868,0.7663288738459473
"CYP",2022,7029358,57849,0.8229627798157385
"CZE",2015,105022270,290,0.00027613190992729447
"CZE",2016,106680870,276,0.0002587155504074911
"CZE",2017,107776580,281,0.0002607245470212545
"CZE",2018,106358380,301,0.0002830054387815986
"CZE",2019,101032690,300,0.00029693359644289386
"CZE",2020,91697370,303,0.0003304347769189018
"CZE",2021,96665224,313,0.00032379793585333235
"CZE",2022,97969300,320,0.00032663293501127396
"COD",2015,3276557,172697,5.270685051412198
"COD",2016,2559416,170229,6.651087591856893
"COD",2017,3102465,182090,5.869204003913017
"COD",2018,3375097,203909,6.041574508821524
"COD",2019,3592173,214647,5.975408199994822
"COD",2020,3709719,289054,7.791803098833092
"COD",2021,3940681,266400,6.760252859848335
"COD",2022,3601595,402327,11.170800714683356
"DNK",2015,35110572,168,0.00047848835957443246
"DNK",2016,36916560,174,0.0004713331903080894
"DNK",2017,34664620,185,0.0005336853541160987
"DNK",2018,34608956,180,0.0005200965900271595
"DNK",2019,30950284,173,0.0005589609452372068
"DNK",2020,28299676,181,0.000639583294169163
"DNK",2021,29608300,183,0.0006180699330930854
"DNK",2022,29059308,183,0.0006297465858443704
"DJI",2015,431641,6204,1.4373055386304823
"DJI",2016,380134,6204,1.632056064440434
"DJI",2017,391759,6270,1.6004737606538713
"DJI",2018,434878,6270,1.441783672662218
"DJI",2019,448617,6270,1.3976287122422912
"DJI",2020,382454,6303,1.6480413330753503
"DJI",2021,454836,6323,1.3901714024395606
"DJI",2022,453036,6329,1.3970192214305266
"DMA",2015,175872,0,0
"DMA",2016,172208,0,0
"DMA",2017,153888,0,0
"DMA",2018,161216,0,0
"DMA",2019,172208,0,0
"DMA",2020,157552,0,0
"DMA",2021,151821,0,0
"DMA",2022,153220,0,0
"DOM",2015,23494588,191546,0.8152771182878372
"DOM",2016,24644568,64402,0.2613233066207531
"DOM",2017,24016922,73019,0.304031465813979
"DOM",2018,25756240,68535,0.2660908579823763
"DOM",2019,28374692,85290,0.30058476053237865
"DOM",2020,23501650,226260,0.9627409139358301
"DOM",2021,23784850,287053,1.2068732827829478
"DOM",2022,23637946,252162,1.0667678147669852
"TLS",2015,589620,0,0
"TLS",2016,642966,0,0
"TLS",2017,689670,1,0.0001449968825670248
"TLS",2018,617024,1,0.00016206825018151642
"TLS",2019,675431,1,0.0001480536131744027
"TLS",2020,646494,1,0.00015468047653961214
"TLS",2021,663697,2,0.00030134232940634055
"TLS",2022,668892,2,0.00029900193155247786
"ECU",2015,41275740,4082,0.009889586473797925
"ECU",2016,39357052,107879,0.2741033550988524
"ECU",2017,39174204,22238,0.05676694796402245
"ECU",2018,38429116,113392,0.2950679375502679
"ECU",2019,40065172,134921,0.3367538269896857
"ECU",2020,32909420,116079,0.35272271586676396
"ECU",2021,39731668,389,0.0009790678810665588
"ECU",2022,41613410,414,0.0009948716050907627
"EGY",2015,224479740,42158,0.018780313982901083
"EGY",2016,239385580,14308,0.005976968203347921
"EGY",2017,260110600,15885,0.006107017553302327
"EGY",2018,243907890,14058,0.005763651188159595
"EGY",2019,256140160,14058,0.005488401350260732
"EGY",2020,227637950,15744,0.006916245731434499
"EGY",2021,246884400,8,0.000003240382948456849
"EGY",2022,258951660,9,0.0000034755521551783064
"SLV",2015,6667772,0,0
"SLV",2016,6595795,0,0
"SLV",2017,5969700,0,0
"SLV",2018,6262603,0,0
"SLV",2019,7549650,0,0
"SLV",2020,6594499,0,0
"SLV",2021,7487630,0,0
"SLV",2022,7714380,0,0
"GNQ",2015,7033487,0,0
"GNQ",2016,7558256,0,0
"GNQ",2017,7862125,0,0
"GNQ",2018,6008448,0,0
"GNQ",2019,4637975,0,0
"GNQ",2020,5524802,0,0
"GNQ",2021,5629140,0,0
"GNQ",2022,5076202,0,0
"EST",2015,15823998,15059,0.09516558331213136
"EST",2016,17489174,14667,0.0838633088103532
"EST",2017,18738382,21438,0.11440688955962153
"EST",2018,17884834,22652,0.12665479590137654
"EST",2019,12323983,22656,0.18383667033620543
"EST",2020,9238881,26249,0.2841144939522438
"EST",2021,10419918,28566,0.2741480307234664
"EST",2022,10311845,30885,0.29950993250965274
"SWZ",2015,868368,2181,0.25116079818694376
"SWZ",2016,1055232,2311,0.21900397258612325
"SWZ",2017,985616,3913,0.39701060047726494
"SWZ",2018,1033247.94,5797,0.5610463641476023
"SWZ",2019,1121184,7234,0.6452107771784114
"SWZ",2020,1091872,8676,0.794598634272149
"SWZ",2021,1131434,10107,0.8932911685524741
"SWZ",2022,1265046,11726,0.926922815454932
"ETH",2015,12696406,17476,0.13764525173501854
"ETH",2016,14424923,15546,0.10777180578364265
"ETH",2017,15583688,16731,0.10736226238615659
"ETH",2018,15988957,40438,0.2529120567401614
"ETH",2019,16674992,24585,0.14743635259315266
"ETH",2020,17810122,34689,0.1947712654635381
"ETH",2021,18919488,40240,0.21269074511952968
"ETH",2022,19073260,43716,0.22920046179835013
"FRO",2015,608224,0,0
"FRO",2016,630208,0,0
"FRO",2017,707152,0,0
"FRO",2018,725472,0,0
"FRO",2019,740128,0,0
"FRO",2020,758448,0,0
"FRO",2021,736770,0,0
"FRO",2022,748133,0,0
"FJI",2015,1319945,920,0.06969987385838047
"FJI",2016,1259717,889,0.07057140611740573
"FJI",2017,1361855,456,0.0334837409268975
"FJI",2018,1410107,456,0.032337971515636756
"FJI",2019,1408048,0,0
"FJI",2020,1040951.94,0,0
"FJI",2021,1085736,0,0
"FJI",2022,1073925,0,0
"FIN",2015,44186000,412565,0.933700719684968
"FIN",2016,47248000,468649,0.9918917202844565
"FIN",2017,44654000,524466,1.1745106821337394
"FIN",2018,45730000,460617,1.0072534441285808
"FIN",2019,42454000,324303,0.7638926838460451
"FIN",2020,37735000,732081,1.9400583013117794
"FIN",2021,37947000,739339,1.9483463778427808
"FIN",2022,36163000,656925,1.8165666565273897
"FRA",2015,331414430,48644,0.014677695234935909
"FRA",2016,334005060,40637,0.01216658214698903
"FRA",2017,336895900,45623,0.013542165398866535
"FRA",2018,322078560,48350,0.0150118654281117
"FRA",2019,315449730,53684,0.017018242494612375
"FRA",2020,281539040,52725,0.018727420538196055
"FRA",2021,306775740,57869,0.01886361679055847
"FRA",2022,297533920,60306,0.020268613407170517
"PYF",2015,846384,0,0
"PYF",2016,868368,0,0
"PYF",2017,861040,0,0
"PYF",2018,875696,0,0
"PYF",2019,875696,0,0
"PYF",2020,846384,0,0
"PYF",2021,883174,0,0
"PYF",2022,873217,0,0
"GAB",2015,6475558,0,0
"GAB",2016,6521700,0,0
"GAB",2017,5879220,0,0
"GAB",2018,5473967,0,0
"GAB",2019,5426023,0,0
"GAB",2020,5928799,0,0
"GAB",2021,5880372,0,0
"GAB",2022,5705554,0,0
"GMB",2015,582576,0,0
"GMB",2016,589904,0,0
"GMB",2017,593568,0,0
"GMB",2018,648528,0,0
"GMB",2019,710816,0,0
"GMB",2020,699824,0,0
"GMB",2021,757034,0,0
"GMB",2022,770472,0,0
"GEO",2015,9756186,13802,0.14146921758154263
"GEO",2016,10067680,13978,0.13884032865565848
"GEO",2017,10172526,16708,0.16424632387275293
"GEO",2018,10062534,14733,0.14641441211527834
"GEO",2019,10886591,15229,0.13988768384887426
"GEO",2020,10574546,14477,0.13690422264936952
"GEO",2021,11056113,60,0.0005426862044553995
"GEO",2022,11092909,0,0
"DEU",2015,798084740,22037,0.0027612356051313547
"DEU",2016,801744600,1312,0.00016364313523284098
"DEU",2017,785985860,1343,0.00017086821383784182
"DEU",2018,754811140,1347,0.00017845523583554952
"DEU",2019,707491400,1366,0.0001930765518845883
"DEU",2020,647252300,1383,0.00021367247362427292
"DEU",2021,678798900,1399,0.00020609933221753897
"DEU",2022,665604700,1415,0.0002125886430789927
"GHA",2015,14568119,70691,0.48524452607780044
"GHA",2016,13917313,78822,0.5663593252519362
"GHA",2017,12437709,101765,0.8181973062724012
"GHA",2018,15193367,69658,0.458476386438898
"GHA",2019,16418402,82680,0.5035812864126484
"GHA",2020,19168242,68900,0.3594487173106433
"GHA",2021,20966088,92842,0.4428198527069046
"GHA",2022,20806944,97586,0.4690068853936455
"GRC",2015,74927624,196785,0.2626334447759881
"GRC",2016,71361000,193452,0.2710892504309076
"GRC",2017,74843450,198954,0.26582686928515453
"GRC",2018,71780900,175644,0.24469461932073852
"GRC",2019,65759484,169564,0.25785482136690735
"GRC",2020,55619772,173945,0.3127395056563698
"GRC",2021,57556330,173033,0.30063244129707367
"GRC",2022,59662764,169893,0.284755496745005
"GRL",2015,525712,0,0
"GRL",2016,526596,0,0
"GRL",2017,543821,0,0
"GRL",2018,544649,0,0
"GRL",2019,555414,0,0
"GRL",2020,537154,0,0
"GRL",2021,566715,0,0
"GRL",2022,591718,0,0
"GRD",2015,260144,0,0
"GRD",2016,267472,0,0
"GRD",2017,278464,0,0
"GRD",2018,307776,0,0
"GRD",2019,329760,0,0
"GRD",2020,289456,0,0
"GRD",2021,329842,0,0
"GRD",2022,340416,0,0
"GTM",2015,15951887,29146,0.18271192618152324
"GTM",2016,16926494,21421,0.1265530829952145
"GTM",2017,17320534,30821,0.1779448601296011
"GTM",2018,18500796,27375,0.14796660640979986
"GTM",2019,19501706,27434,0.14067487223938255
"GTM",2020,17336898,28809,0.16617159540305307
"GTM",2021,19683010,31573,0.16040737671728056
"GTM",2022,19193244,30084,0.1567426538213134
"GNB",2015,278464,0,0
"GNB",2016,304112,0,0
"GNB",2017,304112,0,0
"GNB",2018,311440,0,0
"GNB",2019,322432,0,0
"GNB",2020,296784,0,0
"GNB",2021,321046,0,0
"GNB",2022,326745,0,0
"GUY",2015,2003336,134015,6.689591760942748
"GUY",2016,2374679,132603,5.584038937473233
"GUY",2017,2326815,132805,5.7075874102582285
"GUY",2018,2502966,186687,7.458631080086585
"GUY",2019,2755782,184771,6.704848206425618
"GUY",2020,3188380,58424,1.832403916722599
"GUY",2021,3563899,34034,0.9549653343150296
"GUY",2022,3537124,39036,1.103608468348862
"HTI",2015,2660657,0,0
"HTI",2016,2979519,0,0
"HTI",2017,3139196,0,0
"HTI",2018,3410161,0,0
"HTI",2019,3091473,0,0
"HTI",2020,2512561,0,0
"HTI",2021,2425400,0,0
"HTI",2022,2446681,0,0
"HND",2015,10347979,0,0
"HND",2016,9722308,0,0
"HND",2017,10231486,0,0
"HND",2018,9861259,0,0
"HND",2019,11218794,0,0
"HND",2020,9526111,0,0
"HND",2021,10834858,0,0
"HND",2022,11159723,0,0
"HKG",2015,42399920,0,0
"HKG",2016,43365784,0,0
"HKG",2017,42431172,0,0
"HKG",2018,42600628,0,0
"HKG",2019,41900196,0,0
"HKG",2020,33497124,0,0
"HKG",2021,32775524,0,0
"HKG",2022,30568888,0,0
"HUN",2015,46717404,1262,0.0027013487307642353
"HUN",2016,47178500,1555,0.0032959928781118517
"HUN",2017,49580330,1103,0.0022246725667215204
"HUN",2018,49534410,1152,0.0023256560439500543
"HUN",2019,49310484,936,0.001898176460811052
"HUN",2020,47335468,1029,0.0021738456245959164
"HUN",2021,48563856,1094,0.002252704151004813
"HUN",2022,44353616,1155,0.0026040717852632354
"ISL",2015,3543713,0,0
"ISL",2016,3495520,0,0
"ISL",2017,3612189,0,0
"ISL",2018,3668959,0,0
"ISL",2019,3558741,0,0
"ISL",2020,3339561,0,0
"ISL",2021,3510051,0,0
"ISL",2022,3542503,0,0
"IND",2015,2234219500,23894205,1.069465421817328
"IND",2016,2354658000,30097465,1.2782096168530632
"IND",2017,2426606800,32687398,1.3470413912958623
"IND",2018,2593057800,33096203,1.2763388074110804
"IND",2019,2612888000,38224784,1.4629323568404005
"IND",2020,2421552000,15494008,0.6398379221259755
"IND",2021,2674221800,11806747,0.4415021596189217
"IND",2022,2829644300,13678120,0.48338655144747344
"IDN",2015,539149250,8260245,1.532088749080148
"IDN",2016,540085600,10343145,1.9150936444148854
"IDN",2017,556944200,8931371,1.6036383896268245
"IDN",2018,594101400,9819169,1.6527766135545212
"IDN",2019,650905900,6363658,0.977661748034547
"IDN",2020,605984600,9076932,1.497881629335135
"IDN",2021,615923400,13631422,2.213168390744693
"IDN",2022,728883260,10652141,1.4614330695425768
"IRN",2015,631581200,4286923,0.6787603874212849
"IRN",2016,633826900,4115309,0.6492796377054997
"IRN",2017,685401300,3146099,0.45901561610694347
"IRN",2018,710214800,3361179,0.47326231444346134
"IRN",2019,694666500,3087453,0.44445111431168766
"IRN",2020,679007200,4805760,0.7077627453729504
"IRN",2021,688076300,3558460,0.5171606695362128
"IRN",2022,690635260,4525758,0.6553036403035662
"IRQ",2015,141986560,38,0.00002676309645081901
"IRQ",2016,158892590,41,0.000025803594742838545
"IRQ",2017,176963090,42,0.000023733762786352793
"IRQ",2018,183753490,44,0.000023945123436839213
"IRQ",2019,189606500,45,0.00002373336357139655
"IRQ",2020,159840260,47,0.00002940435657449506
"IRQ",2021,168586340,48,0.000028472057700523068
"IRQ",2022,179080800,50,0.000027920357737959624
"IRL",2015,38718548,0,0
"IRL",2016,40369680,0,0
"IRL",2017,39078276,0,0
"IRL",2018,39012556,0,0
"IRL",2019,37325750,0,0
"IRL",2020,35123776,0,0
"IRL",2021,37547284,0,0
"IRL",2022,38784012,0,0
"ISR",2015,62939140,1380,0.002192594306182131
"ISR",2016,61160656,1724,0.0028188056060091966
"ISR",2017,58841624,2759,0.004688857669869887
"ISR",2018,59985780,2008,0.003347460014690148
"ISR",2019,58659188,1997,0.0034044112577896577
"ISR",2020,55697504,2429,0.004361057184896472
"ISR",2021,54849148,2551,0.004650938242468233
"ISR",2022,56118090,2677,0.00477029777741901
"ITA",2015,361935900,619,0.00017102475880397607
"ITA",2016,358814000,628,0.00017502104154241472
"ITA",2017,353418600,644,0.00018222017743265353
"ITA",2018,349826900,652,0.00018637789146575063
"ITA",2019,340402530,611,0.00017949337803100347
"ITA",2020,303281280,634,0.00020904686237145924
"ITA",2021,337229900,629,0.0001865196413485281
"ITA",2022,338097280,620,0.000183379174183241
"JAM",2015,7998908,814721,10.185402807483221
"JAM",2016,8163432,722618,8.85188974441142
"JAM",2017,7797546,697662,8.947199542009756
"JAM",2018,8086434.5,851042,10.524316990386803
"JAM",2019,7823415,763409,9.7580021001059
"JAM",2020,6462606,1270343,19.656822650181677
"JAM",2021,6608377,1045128,15.815199405239744
"JAM",2022,6487594,997878,15.381326266717677
"JPN",2015,1223168600,188,0.00001536991711526931
"JPN",2016,1202454500,183,0.000015218871067470745
"JPN",2017,1186802300,187,0.000015756626019346272
"JPN",2018,1141668900,188,0.000016467121071617172
"JPN",2019,1104539800,187,0.00001693012782337042
"JPN",2020,1039795900,187,0.000017984298649379172
"JPN",2021,1062129300,188,0.00001770029317522829
"JPN",2022,1053797800,188,0.000017840234625655888
"JOR",2015,25549898,135,0.0005283778432305287
"JOR",2016,24698330,149,0.0006032796549402328
"JOR",2017,25813520,142,0.0005500993277941172
"JOR",2018,25141976,72,0.00028637367245915756
"JOR",2019,24728612,110,0.00044482884846104586
"JOR",2020,21128764,84,0.0003975622994321864
"JOR",2021,22667308,63,0.0002779333125927437
"JOR",2022,22912578,50,0.00021822075193808394
"KAZ",2015,278661280,2443938,0.877028197100078
"KAZ",2016,277695740,2370657,0.8536886449896567
"KAZ",2017,293476480,2555281,0.8706936242386443
"KAZ",2018,307174100,2802097,0.9122178595135462
"KAZ",2019,275289760,1604493,0.582837879621821
"KAZ",2020,255486480,3045026,1.191854066015548
"KAZ",2021,255142930,2624480,1.02863128521727
"KAZ",2022,271178270,3002092,1.1070547798686083
"KEN",2015,16998498,90,0.0005294585439254692
"KEN",2016,18134512,90,0.0004962912704791836
"KEN",2017,17709414,83,0.0004686772809083349
"KEN",2018,18837988,1629,0.00864742030836839
"KEN",2019,19799186,73,0.0003687020264368444
"KEN",2020,21982360,4568,0.020780298384704826
"KEN",2021,24457572,2096,0.008569943083475334
"KEN",2022,24851922,2339,0.009411746906335856
"KIR",2015,54960,0,0
"KIR",2016,54960,0,0
"KIR",2017,65952,0,0
"KIR",2018,65952,0,0
"KIR",2019,65952,0,0
"KIR",2020,65952,0,0
"KIR",2021,68819,0,0
"KIR",2022,68043,0,0
"KWT",2015,93660650,0,0
"KWT",2016,109126340,0,0
"KWT",2017,103313340,0,0
"KWT",2018,105547870,0,0
"KWT",2019,108893460,0,0
"KWT",2020,97712410,0,0
"KWT",2021,103282790,0,0
"KWT",2022,109190000,0,0
"KGZ",2015,10264781,14582,0.1420585592620047
"KGZ",2016,9621676,32811,0.3410112749587494
"KGZ",2017,9360708,32355,0.3456469318346433
"KGZ",2018,11171519,30622,0.27410775562392187
"KGZ",2019,9046309,29999,0.33161591097540444
"KGZ",2020,8348849.5,21359,0.2558316568049286
"KGZ",2021,9433804,20283,0.2150034068971541
"KGZ",2022,9449704,21648,0.2290865407001108
"LAO",2015,9229252,1124411,12.183121665764462
"LAO",2016,16458120,1115832,6.779826614461433
"LAO",2017,19683848,1034234,5.2542267142075065
"LAO",2018,20558106,1010602,4.915832226957094
"LAO",2019,19534332,943665,4.830802507093664
"LAO",2020,19674886,1484586,7.545588828316465
"LAO",2021,23366972,458604,1.9626162944860808
"LAO",2022,23193406,507117,2.186470585648352
"LVA",2015,7263453,42544,0.5857269262980018
"LVA",2016,7211637,44924,0.6229376215136729
"LVA",2017,7216303,57895,0.8022806137713452
"LVA",2018,7863008,59905,0.7618585660856506
"LVA",2019,7650647,60397,0.7894365012527698
"LVA",2020,6999913,68339,0.9762835623814182
"LVA",2021,7240496,73453,1.0144746989708993
"LVA",2022,6591454,77780,1.1800127862532304
"LBN",2015,25734552,8,0.0000310866107169847
"LBN",2016,26441534,8,0.00003025543071744627
"LBN",2017,27824084,8,0.000028752069609910608
"LBN",2018,26160182,8,0.00003058082699883357
"LBN",2019,25661360,7,0.0000272783671637045
"LBN",2020,22279648,7,0.00003141880877112601
"LBN",2021,23471840,7,0.000029822970845063704
"LBN",2022,23904522,7,0.00002928316240751436
"LSO",2015,2242368,0,0
"LSO",2016,2213056,0,0
"LSO",2017,2513504,0,0
"LSO",2018,2370608,0,0
"LSO",2019,2388928,0,0
"LSO",2020,2172752,0,0
"LSO",2021,2480521,0,0
"LSO",2022,3134694,0,0
"LBR",2015,467217,244870,52.41033609650334
"LBR",2016,497121,76426,15.37372189064634
"LBR",2017,890868,104939,11.77941064220513
"LBR",2018,421768,212739,50.439815253883644
"LBR",2019,1019598,221039,21.679034286061764
"LBR",2020,769421,333199,43.305160633775266
"LBR",2021,865255,228210,26.374883704803786
"LBR",2022,876934,223097,25.440569073613297
"LBY",2015,54550704,0,0
"LBY",2016,51649400,0,0
"LBY",2017,53437024,0,0
"LBY",2018,54019470,0,0
"LBY",2019,70527430,0,0
"LBY",2020,47068096,0,0
"LBY",2021,63925804,0,0
"LBY",2022,62961304,0,0
"LIE",2015,159774,0,0
"LIE",2016,149838,0,0
"LIE",2017,155769,0,0
"LIE",2018,142950,0,0
"LIE",2019,149022,0,0
"LIE",2020,141929,0,0
"LIE",2021,145884,0,0
"LIE",2022,149934,0,0
"LTU",2015,13055458,49504,0.3791824078481199
"LTU",2016,13121737,52202,0.3978284277455035
"LTU",2017,13286188,64504,0.48549666766720445
"LTU",2018,13434746,68290,0.508308828466128
"LTU",2019,13677775,75185,0.5496873577756616
"LTU",2020,13538674,82173,0.6069501341121
"LTU",2021,13829675,89132,0.644498153427322
"LTU",2022,12667216,94903,0.7492017188307202
"LUX",2015,9350996,0,0
"LUX",2016,9094195,0,0
"LUX",2017,9267992,0,0
"LUX",2018,9573905,0,0
"LUX",2019,9769623,0,0
"LUX",2020,8067690,0,0
"LUX",2021,8429713,0,0
"LUX",2022,7524108,0,0
"MAC",2015,1769712,0,0
"MAC",2016,1780704,0,0
"MAC",2017,1927264,0,0
"MAC",2018,1242096,0,0
"MAC",2019,1212784,0,0
"MAC",2020,1033247.94,0,0
"MAC",2021,1068793,0,0
"MAC",2022,1051646,0,0
"MDG",2015,3227484,566,0.017536880120861947
"MDG",2016,3267788,571,0.01747359375822422
"MDG",2017,4118890.8,570,0.013838677150654248
"MDG",2018,3791318,653,0.01722356183258698
"MDG",2019,4256360,655,0.015388735915195144
"MDG",2020,3963948,681,0.01717984191518153
"MDG",2021,4266675,717,0.01680465467840883
"MDG",2022,4403593,751,0.017054255468205166
"MWI",2015,1082885,4143,0.3825891022592427
"MWI",2016,1205613,7029,0.5830229103368991
"MWI",2017,1229673,8439,0.686280011027322
"MWI",2018,1723025,9048,0.525122966875118
"MWI",2019,1636507,9943,0.6075745474965888
"MWI",2020,1870757,11806,0.6310814285340105
"MWI",2021,2078419.9,12571,0.60483447064763
"MWI",2022,2094072.1,13668,0.652699589474498
"MYS",2015,235505740,2342977,0.9948704434974707
"MYS",2016,236817360,213899,0.09032234799002911
"MYS",2017,244105580,161738,0.06625739567280682
"MYS",2018,262207180,63743,0.02431016572467619
"MYS",2019,267494290,90283,0.03375137465551133
"MYS",2020,269248670,73811,0.02741369158852298
"MYS",2021,278861220,34788,0.012475022521955545
"MYS",2022,291071360,30774,0.01057266506742539
"MDV",2015,1278736,0,0
"MDV",2016,1436288,0,0
"MDV",2017,1513232,0,0
"MDV",2018,1740400,0,0
"MDV",2019,1952912,0,0
"MDV",2020,1648800,0,0
"MDV",2021,1720469,0,0
"MDV",2022,1701072,0,0
"MLI",2015,3281577,0,0
"MLI",2016,4234638,0,0
"MLI",2017,4656420,0,0
"MLI",2018,4908662,0,0
"MLI",2019,5832595,0,0
"MLI",2020,6418546,0,0
"MLI",2021,6928157,0,0
"MLI",2022,7038757,0,0
"MLT",2015,1665293,6935,0.4164432325122366
"MLT",2016,1356298,6745,0.4973095883058148
"MLT",2017,1530839,5909,0.3859974824263035
"MLT",2018,1546735,7009,0.4531480828971996
"MLT",2019,1648764,7645,0.4636806723096817
"MLT",2020,1597200,7354,0.4604307538191836
"MLT",2021,1606727,7819,0.4866414767412261
"MLT",2022,1655127,8396,0.5072722516157371
"MHL",2015,142896,0,0
"MHL",2016,142896,0,0
"MHL",2017,146560,0,0
"MHL",2018,146560,0,0
"MHL",2019,146560,0,0
"MHL",2020,146560,0,0
"MHL",2021,152931,0,0
"MHL",2022,151206,0,0
"MRT",2015,3002486,397582,13.241760327941579
"MRT",2016,2627103,393217,14.967703968972668
"MRT",2017,3419921,346559,10.133538172372987
"MRT",2018,3664324,322844,8.810465450107579
"MRT",2019,3773920,359735,9.532131046763046
"MRT",2020,4118336.2,204605,4.9681470881371945
"MRT",2021,4455008,70319,1.5784258973272327
"MRT",2022,4534088,135030,2.9781071739233997
"MUS",2015,4209936,1642,0.03900296821614391
"MUS",2016,4345504,1678,0.038614623298011
"MUS",2017,4536032,1792,0.03950589413831296
"MUS",2018,4459088,1805,0.04047912936456962
"MUS",2019,4521376,1864,0.04122638771913683
"MUS",2020,3806896,1928,0.05064493487607752
"MUS",2021,4090829.8,1997,0.048816501727840154
"MUS",2022,4249021,2053,0.048317012318837685
"MEX",2015,479519780,3643546,0.7598322638536412
"MEX",2016,479789760,4332684,0.9030380306574279
"MEX",2017,465620930,4087186,0.8777925854836466
"MEX",2018,470285860,4102603,0.872363672596918
"MEX",2019,468322140,3582831,0.765035579996282
"MEX",2020,442289100,6920779,1.564763635368812
"MEX",2021,468791360,6601250,1.4081424196896462
"MEX",2022,511971970,6035853,1.1789420815362215
"FSM",2015,142896,0,0
"FSM",2016,142896,0,0
"FSM",2017,142896,0,0
"FSM",2018,142896,0,0
"FSM",2019,146560,0,0
"FSM",2020,146560,0,0
"FSM",2021,152931,0,0
"FSM",2022,151206,0,0
"MDA",2015,4781760,20835,0.4357182292712307
"MDA",2016,4903671,18145,0.3700289028362629
"MDA",2017,5220511,9602,0.18392835490625342
"MDA",2018,5445450,10860,0.19943255378343386
"MDA",2019,5495003,11733,0.21352126650340317
"MDA",2020,5241230,6588,0.12569568593631647
"MDA",2021,5596952,4331,0.07738140330665691
"MDA",2022,5422021,4179,0.07707458159973929
"MNG",2015,23282274,1497925,6.433757286766747
"MNG",2016,25629140,1467455,5.725728604237208
"MNG",2017,34135348,1605514,4.7033766874150515
"MNG",2018,45315650,1475501,3.256051717232347
"MNG",2019,47254524,1628647,3.446541964955567
"MNG",2020,37076764,1979748,5.339592203893522
"MNG",2021,38256660,1408786,3.682459472416045
"MNG",2022,37894484,1636736,4.319193263061717
"MNE",2015,2238704,5226,0.23343863235157483
"MNE",2016,2015199.9,35782,1.775605487078478
"MNE",2017,2103136,49047,2.332088842566529
"MNE",2018,2399920,25456,1.06070202340078
"MNE",2019,2476864,41233,1.6647260406707838
"MNE",2020,2407248,23315,0.9685333625783468
"MNE",2021,2304752,18651,0.8092410810360507
"MNE",2022,2292498,18464,0.80540964485029
"MSR",2015,54960,0,0
"MSR",2016,29312,0,0
"MSR",2017,29312,0,0
"MSR",2018,29312,0,0
"MSR",2019,21984,0,0
"MSR",2020,21984,0,0
"MSR",2021,21184,0,0
"MSR",2022,21380,0,0
"MAR",2015,58495180,119944,0.20504937329879147
"MAR",2016,58457476,139767,0.23909174593853486
"MAR",2017,61107120,152108,0.24892025675567758
"MAR",2018,62309240,145754,0.23392036237322106
"MAR",2019,68743120,125848,0.1830699566734824
"MAR",2020,64560784,135276,0.2095327714731593
"MAR",2021,72640950,1095,0.0015074142064496678
"MAR",2022,68411810,736,0.0010758376368056918
"MOZ",2015,6730608,22940,0.3408310215065266
"MOZ",2016,8547341,15366,0.17977520728376228
"MOZ",2017,6905362,9874,0.14299033128169095
"MOZ",2018,7010169,27873,0.39760810331391444
"MOZ",2019,7101099,9278,0.1306558322873685
"MOZ",2020,6376114,12529,0.19649899609699575
"MOZ",2021,7190322,10795,0.15013235846739548
"MOZ",2022,8003215,9141,0.1142165992041948
"MMR",2015,21887144,477912,2.183528376292494
"MMR",2016,21140418,764256,3.6151413846216283
"MMR",2017,23630088,1172888,4.9635363186121015
"MMR",2018,34016840,1559084,4.583271109250594
"MMR",2019,33616924,1560114,4.64085887215618
"MMR",2020,34609780,1916934,5.538706111393947
"MMR",2021,35619332,2165991,6.080942225418489
"MMR",2022,34922210,1664249,4.765589004819569
"NAM",2015,3851304,27840,0.7228720454163057
"NAM",2016,4051196,31256,0.7715252483464142
"NAM",2017,4216153,28580,0.6778691380507301
"NAM",2018,4154920,28575,0.6877388734319794
"NAM",2019,4111065,29420,0.7156296482784874
"NAM",2020,3681840,89106,2.420148621341503
"NAM",2021,3732342,99897,2.6765232125030343
"NAM",2022,3952970,6989,0.1768037703296509
"NRU",2015,54960,214,0.38937409024745273
"NRU",2016,51296,208,0.40548970679975044
"NRU",2017,54960,155,0.28202328966521106
"NRU",2018,54960,107,0.19468704512372637
"NRU",2019,54960,107,0.19468704512372637
"NRU",2020,51296,64,0.12476606363069245
"NRU",2021,53526,27,0.05044277547360161
"NRU",2022,52922,2,0.0037791466686822113
"NPL",2015,6904657,18,0.0002606936159174887
"NPL",2016,10085127,25,0.00024788978859661357
"NPL",2017,12429835,20,0.00016090318173974153
"NPL",2018,14798718,17,0.00011487481550766762
"NPL",2019,13574890,17,0.00012523121734319762
"NPL",2020,14902414,17,0.00011407547797289756
"NPL",2021,15628272,14,0.00008958124097149064
"NPL",2022,15499952,13,0.0000838712274721883
"NLD",2015,163802240,102583,0.06262612770130616
"NLD",2016,164691310,96761,0.058752948167089085
"NLD",2017,162202580,97327,0.06000336122890277
"NLD",2018,158133890,97327,0.06154721166980715
"NLD",2019,152509390,102501,0.06720963214133897
"NLD",2020,136684620,99420,0.07273678633338557
"NLD",2021,139906940,98997,0.07075917749326803
"NLD",2022,125358230,98961,0.07894256324455123
"NCL",2015,4876909,0,0
"NCL",2016,5481737,0,0
"NCL",2017,5583765,0,0
"NCL",2018,5913008,0,0
"NCL",2019,5672867,0,0
"NCL",2020,5109173,0,0
"NCL",2021,4536780,0,0
"NCL",2022,5115215,0,0
"NZL",2015,35812136,17682,0.04937432383256894
"NZL",2016,34153004,18699,0.054750674347708916
"NZL",2017,35687180,21952,0.061512285364099945
"NZL",2018,35704196,21648,0.06063152913455887
"NZL",2019,36878936,21681,0.058789657055181854
"NZL",2020,34237324,21633,0.06318542886120422
"NZL",2021,34318004,23958,0.06981175245506702
"NZL",2022,32211814,24908,0.07732566691214596
"NIC",2015,5430953,70,0.0012889082266040602
"NIC",2016,5406146,64,0.0011838378023826955
"NIC",2017,5461305,62,0.0011352597959645176
"NIC",2018,5199214,47,0.0009039827943223726
"NIC",2019,5222552,40,0.0007659090804648762
"NIC",2020,4748407,33,0.0006949699130676877
"NIC",2021,5384107,24,0.00044575637148370193
"NIC",2022,5550354,14,0.0002522361636753259
"NER",2015,2206060,0,0
"NER",2016,2145222,0,0
"NER",2017,2249800,0,0
"NER",2018,1803409,0,0
"NER",2019,2513365,0,0
"NER",2020,2816703,0,0
"NER",2021,3038976,0,0
"NER",2022,3058157,0,0
"NGA",2015,109217160,355,0.00032504049729914237
"NGA",2016,116932580,320,0.0002736619682897615
"NGA",2017,112759180,330,0.000292659098797987
"NGA",2018,105599590,421,0.000398675790313201
"NGA",2019,127337630,929,0.0007295565340740204
"NGA",2020,123822170,835,0.0006743541968292109
"NGA",2021,131113260,1111,0.0008473589932856524
"NGA",2022,128759470,1355,0.001052349780563713
"NIU",2015,7328,0,0
"NIU",2016,7328,0,0
"NIU",2017,7328,0,0
"NIU",2018,10992,0,0
"NIU",2019,7328,0,0
"NIU",2020,7328,0,0
"NIU",2021,7647,0,0
"NIU",2022,7560,0,0
"PRK",2015,24623532,528450,2.1461177868390284
"PRK",2016,27571904,587610,2.1311912300289455
"PRK",2017,51735804,534252,1.032654291020586
"PRK",2018,47629852,332040,0.6971258277266954
"PRK",2019,52764220,333684,0.6324058234917526
"PRK",2020,49814344,292584,0.5873488969361916
"PRK",2021,51336290,366884,0.7146679278927246
"PRK",2022,50871636,378399,0.7438310024077072
"MKD",2015,6756554,202221,2.992960612762068
"MKD",2016,6653824,189944,2.854659215512764
"MKD",2017,7152128,163314,2.283432287565323
"MKD",2018,6671957,140582,2.1070579441684054
"MKD",2019,7646768,131711,1.722440121107375
"MKD",2020,6954272,106752,1.5350564372518072
"MKD",2021,7688865,125504,1.6322825280454267
"MKD",2022,7588422,91764,1.2092632697548975
"NOR",2015,45494000,155984,0.3428671912779707
"NOR",2016,44678000,96,0.0002148708536639957
"NOR",2017,44165000,95,0.0002151024566964791
"NOR",2018,44405000,90,0.00020267987839207296
"NOR",2019,42793000,91,0.0002126516018975066
"NOR",2020,41231000,68756,0.1667580218767432
"NOR",2021,41028000,90,0.00021936238666276687
"NOR",2022,40808000,89,0.00021809449127622034
"OMN",2015,67376190,11022,0.016358894737146756
"OMN",2016,65739244,108,0.00016428543048046005
"OMN",2017,69230730,110,0.00015888897892597694
"OMN",2018,66135436,108,0.00016330125955471133
"OMN",2019,59221740,80,0.0001350855277133026
"OMN",2020,65428856,86,0.00013144047635495874
"OMN",2021,70868430,79,0.00011147417827656124
"OMN",2022,71986390,70,0.0000972406033973922
"PAK",2015,166432900,55023,0.03306017019471511
"PAK",2016,195791500,63040,0.03219751623538305
"PAK",2017,216158430,70595,0.03265891596270384
"PAK",2018,205060930,81031,0.039515572274055326
"PAK",2019,206061230,72850,0.035353569422059646
"PAK",2020,200602800,68699,0.0342462817069353
"PAK",2021,223450130,61678,0.02760257960019983
"PAK",2022,200199900,64917,0.03242609012292214
"PLW",2015,205184,0,0
"PLW",2016,212512,0,0
"PLW",2017,216176,0,0
"PLW",2018,212512,0,0
"PLW",2019,219840,0,0
"PLW",2020,212512,0,0
"PLW",2021,221749,0,0
"PLW",2022,219249,0,0
"PSE",2015,3005733,0,0
"PSE",2016,3233556,0,0
"PSE",2017,3268288,0,0
"PSE",2018,2959135,0,0
"PSE",2019,3265402,0,0
"PSE",2020,3326912,0,0
"PSE",2021,3427691,0,0
"PSE",2022,3496896,0,0
"PAN",2015,10788440,0,0
"PAN",2016,10438870,0,0
"PAN",2017,11223156,0,0
"PAN",2018,10755982,0,0
"PAN",2019,13380774,786363,5.876812507258549
"PAN",2020,10324345,1387064,13.434886184063007
"PAN",2021,11707582,1581386,13.507366422887321
"PAN",2022,11899901,2095225,17.607079252171932
"PNG",2015,6638563,320777,4.83202464147738
"PNG",2016,7035198,568092,8.074996609903517
"PNG",2017,6660155,745416,11.192171953956025
"PNG",2018,7606856,690752,9.080650402741949
"PNG",2019,7817134,705660,9.027093561399868
"PNG",2020,7723852,540792,7.001584183643084
"PNG",2021,7946207,654083,8.2313863708811
"PNG",2022,7823140,430832,5.507149303220958
"PRY",2015,6047637,0,0
"PRY",2016,7193354,0,0
"PRY",2017,7932479,0,0
"PRY",2018,8400541,0,0
"PRY",2019,8136721.5,0,0
"PRY",2020,7366268,0,0
"PRY",2021,9264423,0,0
"PRY",2022,9018049,0,0
"PER",2015,49227884,5180386,10.523275792231898
"PER",2016,52732748,7071388,13.40986060502669
"PER",2017,54858950,7378959,13.450784238487975
"PER",2018,55848252,7382934,13.219633087173435
"PER",2019,58365044,7459216,12.7802799223453
"PER",2020,46965196,7308872,15.562315549582717
"PER",2021,56470120,7314952,12.953668240832497
"PER",2022,60921110,7464712,12.253079433385242
"PHL",2015,112449144,594973,0.5291040721483838
"PHL",2016,121792456,591509,0.48566965428466274
"PHL",2017,135150080,484750,0.3586753333775311
"PHL",2018,141517820,497284,0.3513932026369541
"PHL",2019,144159980,511902,0.3550930015389847
"PHL",2020,132851040,1035378,0.7793525741311472
"PHL",2021,142753780,1100112,0.7706359859612824
"PHL",2022,150395980,700819,0.4659825349055208
"POL",2015,312715420,469285,0.15006775169577502
"POL",2016,323547000,468246,0.14472271416517538
"POL",2017,336765400,463171,0.1375352099710956
"POL",2018,336080900,443393,0.13193043698704687
"POL",2019,317682530,440778,0.13874795066634607
"POL",2020,302437100,506790,0.16756872751391944
"POL",2021,331077150,468701,0.1415685135624733
"POL",2022,323117300,487394,0.15084119606099702
"PRT",2015,52203440,46954,0.08994426420940843
"PRT",2016,50366708,42036,0.08345989179995644
"PRT",2017,55106276,36121,0.06554788786671051
"PRT",2018,51372730,27812,0.05413767187377428
"PRT",2019,47494044,23590,0.04966938591289468
"PRT",2020,41695200,22748,0.054557838791995245
"PRT",2021,39938332,82217,0.2058598741680048
"PRT",2022,41605030,39629,0.09525050216283945
"QAT",2015,91194280,12,0.000013158720042528983
"QAT",2016,87385144,13,0.000014876670569999864
"QAT",2017,100111260,14,0.000013984440911042374
"QAT",2018,95463944,12,0.000012570190898461098
"QAT",2019,101018984,8,0.000007919303563773716
"QAT",2020,102501230,10,0.000009755980489209738
"QAT",2021,107218140,8,0.000007461423971727173
"QAT",2022,101340350,7,0.000006907416443696909
"ROU",2015,78031910,69620,0.08921991016239382
"ROU",2016,76714536,74038,0.09651104453007446
"ROU",2017,79648910,74868,0.09399751986562026
"ROU",2018,80279690,74886,0.09328137664706977
"ROU",2019,76885224,79124,0.10291184168234979
"ROU",2020,74026536,165806,0.2239818434838015
"ROU",2021,77190584,211550,0.27406192444404875
"ROU",2022,73521290,179004,0.2434723329800116
"RUS",2015,1638675300,14150000,0.8635023668203212
"RUS",2016,1634885000,14011203,0.8570145912403624
"RUS",2017,1666121200,14537089,0.8725108953658353
"RUS",2018,1712494300,14895477,0.8698117710523182
"RUS",2019,1705030900,15174606,0.889990087569674
"RUS",2020,1632929300,24145700,1.478673938914563
"RUS",2021,1711993300,17306989,1.0109262109845873
"RUS",2022,1652177300,16829485,1.0186246355037076
"RWA",2015,970183,10994,1.1331882747893955
"RWA",2016,1048333.06,13071,1.2468365731020634
"RWA",2017,1155068,13963,1.208846578729564
"RWA",2018,1287400,16372,1.2717104241106105
"RWA",2019,1372734,16419,1.1960802311299932
"RWA",2020,1371813,18408,1.3418738559847443
"RWA",2021,1553445,19824,1.2761314369031411
"RWA",2022,1547760,21238,1.3721765648420945
"SHN",2015,10992,0,0
"SHN",2016,14656,0,0
"SHN",2017,10992,0,0
"SHN",2018,10992,0,0
"SHN",2019,14656,0,0
"SHN",2020,18320,0,0
"SHN",2021,17654,0,0
"SHN",2022,17816,0,0
"KNA",2015,234496,0,0
"KNA",2016,238160,0,0
"KNA",2017,241824,0,0
"KNA",2018,245488,0,0
"KNA",2019,252815.98,0,0
"KNA",2020,230832,0,0
"KNA",2021,222436,0,0
"KNA",2022,224486,0,0
"LCA",2015,479984,0,0
"LCA",2016,476320,0,0
"LCA",2017,490976,0,0
"LCA",2018,509296,0,0
"LCA",2019,501968.03,0,0
"LCA",2020,483648,0,0
"LCA",2021,466056,0,0
"LCA",2022,470351,0,0
"SPM",2015,65952,0,0
"SPM",2016,65952,0,0
"SPM",2017,65952,0,0
"SPM",2018,58624,0,0
"SPM",2019,65952,0,0
"SPM",2020,62288,0,0
"SPM",2021,60022,0,0
"SPM",2022,60576,0,0
"VCT",2015,234496,0,0
"VCT",2016,241824,0,0
"VCT",2017,216176,0,0
"VCT",2018,241824,0,0
"VCT",2019,227168,0,0
"VCT",2020,245488,0,0
"VCT",2021,236559,0,0
"VCT",2022,238739,0,0
"WSM",2015,227168,0,0
"WSM",2016,238160,0,0
"WSM",2017,245488,0,0
"WSM",2018,238160,0,0
"WSM",2019,271136,0,0
"WSM",2020,241824,0,0
"WSM",2021,252335.02,0,0
"WSM",2022,249491,0,0
"STP",2015,135568,0,0
"STP",2016,150224,0,0
"STP",2017,139232,0,0
"STP",2018,139232,0,0
"STP",2019,142896,0,0
"STP",2020,139232,0,0
"STP",2021,145706,0,0
"STP",2022,132255,0,0
"SAU",2015,678849300,91498,0.013478396457063446
"SAU",2016,697420300,290953,0.041718458725678045
"SAU",2017,680853950,268552,0.03944340779692914
"SAU",2018,686896300,281369,0.040962369428980766
"SAU",2019,707125250,290378,0.041064578022068934
"SAU",2020,610772900,467805,0.07659229805382656
"SAU",2021,631437300,528025,0.08362271281725042
"SAU",2022,662549400,476977,0.0719911602063182
"SEN",2015,9845416,24,0.00024376826738453712
"SEN",2016,10015698,24,0.0002396238384983253
"SEN",2017,10760131,24,0.00022304561161941245
"SEN",2018,11330392,24,0.0002118196793191268
"SEN",2019,12713021,24,0.00018878282353187333
"SEN",2020,10820952,24,0.0002217919458472785
"SEN",2021,11540229,24,0.00020796814343978788
"SEN",2022,11668435,24,0.00020568311003146524
"SRB",2015,43773750,66749,0.1524863645449613
"SRB",2016,45039824,75716,0.16810900504406945
"SRB",2017,45529550,82019,0.18014454348878917
"SRB",2018,44320356,77894,0.17575219838035597
"SRB",2019,44278484,79813,0.18025233203557736
"SRB",2020,45169760,266860,0.5907934866158244
"SRB",2021,43905810,285616,0.6505198286969309
"SRB",2022,43506644,544678,1.2519421171626108
"SYC",2015,498304,1283,0.2574733496018495
"SYC",2016,553264,1406,0.25412822811533015
"SYC",2017,575248,1069,0.18583289294356523
"SYC",2018,600896,1226,0.2040286505485142
"SYC",2019,593568,1599,0.2693878376192787
"SYC",2020,608224,1453,0.23889225022360183
"SYC",2021,662611,1498,0.2260753292655872
"SYC",2022,658828,1543,0.2342037679030035
"SLE",2015,1084544,597713,55.11191800424879
"SLE",2016,1142807,209759,18.354717813244058
"SLE",2017,1088208,319472,29.357622807404464
"SLE",2018,1029186.94,159464,15.494172516413782
"SLE",2019,1003936.06,134613,13.408523247984538
"SLE",2020,1025920.06,336610,32.810548611360616
"SLE",2021,1109789,292785,26.382041991766002
"SLE",2022,1129488,290640,25.732013089116485
"SGP",2015,61925264,0,0
"SGP",2016,40289344,0,0
"SGP",2017,40014544,0,0
"SGP",2018,50035584,0,0
"SGP",2019,33778416,0,0
"SGP",2020,54813440,0,0
"SGP",2021,55830696,0,0
"SGP",2022,53252430,0,0
"SXM",2015,743792,0,0
"SXM",2016,743792,0,0
"SXM",2017,707152,0,0
"SXM",2018,688832,0,0
"SXM",2019,688832,0,0
"SXM",2020,652192,0,0
"SXM",2021,628469,0,0
"SXM",2022,634261,0,0
"SVK",2015,34471936,569,0.0016506180563807035
"SVK",2016,34914412,566,0.0016211070660448184
"SVK",2017,36114092,626,0.0017333953737505017
"SVK",2018,36105530,630,0.001744885063313016
"SVK",2019,33778548,620,0.0018354844619135199
"SVK",2020,31096626,652,0.00209669048982999
"SVK",2021,35166804,669,0.0019023622391161846
"SVK",2022,34151680,685,0.0020057578426595705
"SVN",2015,13645485,27585,0.2021547786685486
"SVN",2016,14458364,21861,0.15119967929981565
"SVN",2017,14616678,25430,0.17397934058614414
"SVN",2018,14519854,28136,0.19377605312009336
"SVN",2019,14039442,30327,0.21601285863070627
"SVN",2020,12854907,30196,0.23489862664895206
"SVN",2021,13059966,31372,0.240215020467894
"SVN",2022,12714800,32547,0.2559772863120144
"SLB",2015,293120,2219,0.7570278384279476
"SLB",2016,289456,1809,0.6249654524349123
"SLB",2017,285792,11423,3.996962826111298
"SLB",2018,289456,12228,4.224476258913272
"SLB",2019,293120,8824,3.0103711790393013
"SLB",2020,289456,49678,17.1625393842242
"SLB",2021,302038,0,0
"SLB",2022,298633,0,0
"SOM",2015,630208,0,0
"SOM",2016,637536,0,0
"SOM",2017,637536,0,0
"SOM",2018,637536,0,0
"SOM",2019,637536,0,0
"SOM",2020,597232,0,0
"SOM",2021,650636,0,0
"SOM",2022,646921,0,0
"ZAF",2015,446221020,7517015,1.684594553613812
"ZAF",2016,456972860,6467221,1.4152308738860335
"ZAF",2017,439380130,6691150,1.5228613091811867
"ZAF",2018,435237200,5305668,1.219029071963518
"ZAF",2019,465429250,5672690,1.2188082291776892
"ZAF",2020,434828640,4818589,1.1081581470806523
"ZAF",2021,425627700,4685215,1.1007777454333918
"ZAF",2022,404053980,4353277,1.0773998563261273
"KOR",2015,634177300,36695,0.005786236751141992
"KOR",2016,637914050,37372,0.005858469491305294
"KOR",2017,654537300,25730,0.003931021196194625
"KOR",2018,670168700,31598,0.004714932225274025
"KOR",2019,646102200,28223,0.004368194381631885
"KOR",2020,597634300,47378,0.00792759050141533
"KOR",2021,616075000,31860,0.005171448281459237
"KOR",2022,600999360,30335,0.005047426340021394
"SSD",2015,1912608,0,0
"SSD",2016,1703760,0,0
"SSD",2017,1454608,0,0
"SSD",2018,1736736,0,0
"SSD",2019,1780704,0,0
"SSD",2020,1692768,0,0
"SSD",2021,1844134,0,0
"SSD",2022,1833605,0,0
"ESP",2015,270767460,437396,0.16153935188519328
"ESP",2016,259629390,603215,0.2323369476776108
"ESP",2017,273592200,713169,0.2606686155526364
"ESP",2018,268600500,674970,0.25129141606214433
"ESP",2019,250660800,612721,0.2444422901387054
"ESP",2020,213625420,892877,0.4179638359517327
"ESP",2021,230269460,593840,0.2578891703658835
"ESP",2022,245613820,601936,0.2450741574720836
"LKA",2015,19687388,219,0.0011123872806285933
"LKA",2016,22986968,245,0.0010658212949180596
"LKA",2017,22872902,288,0.0012591318757890887
"LKA",2018,20096860,292,0.001452963298744182
"LKA",2019,21232160,292,0.0013752722285438695
"LKA",2020,20624664,325,0.0015757832466991948
"LKA",2021,20118602,345,0.0017148308813902675
"LKA",2022,17327094,364,0.0021007561914306
"SDN",2015,21189514,240,0.0011326356989594002
"SDN",2016,20037700,240,0.001197742255847727
"SDN",2017,20493030,0,0
"SDN",2018,21754658,0,0
"SDN",2019,21772508,0,0
"SDN",2020,20527464,0,0
"SDN",2021,22185106,0,0
"SDN",2022,22013348,0,0
"SUR",2015,2713354,135360,4.988659791534757
"SUR",2016,2920766,0,0
"SUR",2017,2426406,0,0
"SUR",2018,2089318,0,0
"SUR",2019,2635797,0,0
"SUR",2020,2917944,507060,17.377304019542528
"SUR",2021,3682585,0,0
"SUR",2022,3586520,0,0
"SWE",2015,43418744,359161,0.8272026477781117
"SWE",2016,43414110,393438,0.9062445366264562
"SWE",2017,42456588,467658,1.1014968984318758
"SWE",2018,42036584,523429,1.2451749171626316
"SWE",2019,41006040,520297,1.2688301528262664
"SWE",2020,36686484,1431193,3.90114517379207
"SWE",2021,38524788,1454120,3.7745048720320016
"SWE",2022,38050544,1355270,3.561762480977933
"CHE",2015,38725590,0,0
"CHE",2016,39178640,0,0
"CHE",2017,38172092,0,0
"CHE",2018,36867250,0,0
"CHE",2019,36726916,0,0
"CHE",2020,34235224,0,0
"CHE",2021,35787340,0,0
"CHE",2022,35380164,0,0
"SYR",2015,28603272,4,0.000013984414090807513
"SYR",2016,26936300,4,0.000014849849459651101
"SYR",2017,28443664,4,0.00001406288585043052
"SYR",2018,32424630,4,0.000012336301138979843
"SYR",2019,28677104,4,0.000013948409853379894
"SYR",2020,26312742,4,0.000015201760424664218
"SYR",2021,27217022,3,0.000011022513778325931
"SYR",2022,27635256,3,0.00001085569824285326
"TWN",2015,275868000,384,0.00013919700726434383
"TWN",2016,279730980,387,0.0001383472077350889
"TWN",2017,285247000,306,0.00010727544899683432
"TWN",2018,283416000,234,0.00008256414599034635
"TWN",2019,273954020,183,0.00006679953081177636
"TWN",2020,271788800,133,0.00004893505545482374
"TWN",2021,291201400,105,0.000036057518954235796
"TWN",2022,277900930,70,0.000025188832581452678
"TJK",2015,5302282,793,0.014955824680769525
"TJK",2016,5692501,870,0.015283264772373338
"TJK",2017,6858048,1987,0.028973258863163397
"TJK",2018,8060483,4058,0.050344377626005785
"TJK",2019,8856778,4046,0.04568252698667619
"TJK",2020,9298944,5259,0.05655480880409646
"TJK",2021,9980379,6229,0.06241245948675898
"TJK",2022,10017384,7198,0.07185508711655658
"TZA",2015,9723330,901449,9.270990493997427
"TZA",2016,10213532,942163,9.224654115735868
"TZA",2017,11233944,836952,7.450206267718622
"TZA",2018,11837862,543788,4.593633546327876
"TZA",2019,13743298,564150,4.104909898628408
"TZA",2020,14168675,194528,1.3729441885003362
"TZA",2021,15417177,139364,0.9039527794225881
"TZA",2022,15569999,80828,0.5191265587107616
"THA",2015,277098700,10703,0.003862522631827576
"THA",2016,284045300,9973,0.003511059679565196
"THA",2017,283347620,10191,0.00359664217401932
"THA",2018,288346340,11652,0.0040409737817376145
"THA",2019,281870340,10325,0.003663031732959204
"THA",2020,271852000,10879,0.004001809808278033
"THA",2021,267219020,9261,0.0034656964163703617
"THA",2022,270746370,9123,0.0033695742624360947
"TGO",2015,1863341,2030,0.10894409557885541
"TGO",2016,2311978,1693,0.0732273403985678
"TGO",2017,1991390,1693,0.08501599385353949
"TGO",2018,2165189,1693,0.07819178833810814
"TGO",2019,2414997,1693,0.07010360675396285
"TGO",2020,2381218,1693,0.07109806829950051
"TGO",2021,2555860,2337,0.09143693316535334
"TGO",2022,2575560,2567,0.09966764509465903
"TON",2015,117248,0,0
"TON",2016,124576,0,0
"TON",2017,135568,0,0
"TON",2018,135568,0,0
"TON",2019,161216,0,0
"TON",2020,183200,0,0
"TON",2021,191163,0,0
"TON",2022,189008,0,0
"TTO",2015,45559680,0,0
"TTO",2016,39893100,0,0
"TTO",2017,40317892,0,0
"TTO",2018,40327880,0,0
"TTO",2019,40782852,0,0
"TTO",2020,35029664,0,0
"TTO",2021,35532470,0,0
"TTO",2022,34331736,0,0
"TUN",2015,31418044,8009,0.02549172061761706
"TUN",2016,30591786,8009,0.02618023020950787
"TUN",2017,31271626,6744,0.021565875723891043
"TUN",2018,31134054,8430,0.02707646103523814
"TUN",2019,30353464,8430,0.027772777433244526
"TUN",2020,28493462,8093,0.028403006977530496
"TUN",2021,35244284,9066,0.02572332012759856
"TUN",2022,35576780,9403,0.026430160346158364
"TUR",2015,384929660,857739,0.2228300619910661
"TUR",2016,405950200,790053,0.19461820686379758
"TUR",2017,430900860,891894,0.20698357390143057
"TUR",2018,422058620,901862,0.21368169189388905
"TUR",2019,402692260,1090206,0.2707293157310746
"TUR",2020,412926880,1212898,0.2937319072083658
"TUR",2021,452702800,1398604,0.3089452947938471
"TUR",2022,435684600,1041383,0.23902221928431716
"TKM",2015,64322776,0,0
"TKM",2016,64450340,0,0
"TKM",2017,64359890,0,0
"TKM",2018,63760204,0,0
"TKM",2019,65324644,0,0
"TKM",2020,67697480,0,0
"TKM",2021,69974744,0,0
"TKM",2022,70958350,0,0
"TCA",2015,311440,0,0
"TCA",2016,329760,0,0
"TCA",2017,351744,0,0
"TCA",2018,362736,0,0
"TCA",2019,362736,0,0
"TCA",2020,359072,0,0
"TCA",2021,346011,0,0
"TCA",2022,349200,0,0
"TUV",2015,10992,0,0
"TUV",2016,10992,0,0
"TUV",2017,10992,0,0
"TUV",2018,10992,0,0
"TUV",2019,10992,0,0
"TUV",2020,10992,0,0
"TUV",2021,11470,0,0
"TUV",2022,11340,0,0
"UGA",2015,4525570,34962,0.7725435690973734
"UGA",2016,4795435,66185,1.3801667627650047
"UGA",2017,5387882,39287,0.7291733560608789
"UGA",2018,5523001,35005,0.6338039772218039
"UGA",2019,5731925,40701,0.7100755854272344
"UGA",2020,5538408,40042,0.7229875444351518
"UGA",2021,6052755,41000,0.6773774917372337
"UGA",2022,6021782,41848,0.6949437890644331
"UKR",2015,223787570,3304890,1.4767978400230184
"UKR",2016,233961020,3106105,1.3276164550829879
"UKR",2017,223080820,2992382,1.3413891880081847
"UKR",2018,231663820,2991145,1.2911575920659513
"UKR",2019,221943170,3122349,1.406823647693236
"UKR",2020,206823860,1562172,0.7553151749512846
"UKR",2021,210153310,1271138,0.6048622312920029
"UKR",2022,141253000,558495,0.39538629268050945
"ARE",2015,225683650,0,0
"ARE",2016,226604720,0,0
"ARE",2017,212490380,0,0
"ARE",2018,209278510,0,0
"ARE",2019,219556580,0,0
"ARE",2020,216768320,0,0
"ARE",2021,237248980,0,0
"ARE",2022,243895220,0,0
"GBR",2015,422460800,17616,0.004169854339148153
"GBR",2016,399430140,19362,0.004847405856753824
"GBR",2017,387367140,20315,0.005244378756546051
"GBR",2018,379729760,21807,0.0057427682254875155
"GBR",2019,364753280,21953,0.006018588784177623
"GBR",2020,326263200,23546,0.007216872757945119
"GBR",2021,347465060,24657,0.0070962530736183955
"GBR",2022,318654370,25769,0.008086818329213562
"USA",2015,5376473000,3969763,0.07383582136467533
"USA",2016,5252932000,3791503,0.07217879462365018
"USA",2017,5212162000,3938924,0.07557178767659178
"USA",2018,5377797000,3982718,0.0740585410717437
"USA",2019,5262145000,3885581,0.07384024955602705
"USA",2020,4714628000,14077085,0.29858315438673
"USA",2021,5032213000,14724193,0.29259876320815514
"USA",2022,5057303600,14054892,0.2779127596769156
"URY",2015,6742026,387,0.005740114321718724
"URY",2016,6521229,163,0.002499528846479705
"URY",2017,6162573,155,0.002515183187282325
"URY",2018,6570970,221,0.0033632781765858006
"URY",2019,6489942,229,0.00352853692683232
"URY",2020,6477168,146,0.0022540715324969184
"URY",2021,8102205.5,237,0.0029251294601204576
"URY",2022,7893098,250,0.003167324160931487
"UZB",2015,103695920,772660,0.7451209266478372
"UZB",2016,110139080,765010,0.6945854278063699
"UZB",2017,108930904,765011,0.7022901416479569
"UZB",2018,102288104,879761,0.8600814421196037
"UZB",2019,108429080,994512,0.91720044106249
"UZB",2020,109631970,1091272,0.9953957773448749
"UZB",2021,116387944,1575716,1.3538481270878022
"UZB",2022,120610190,1837362,1.5233886954327822
"VUT",2015,135568,0,0
"VUT",2016,150224,0,0
"VUT",2017,142896,0,0
"VUT",2018,179536,0,0
"VUT",2019,164880,0,0
"VUT",2020,201520,0,0
"VUT",2021,210280,0,0
"VUT",2022,207909,0,0
"VEN",2015,165853100,354142,0.21352751320294888
"VEN",2016,152385310,357383,0.234525887042524
"VEN",2017,138226900,131599,0.09520505777095485
"VEN",2018,100734470,64348,0.06387882916344326
"VEN",2019,87611624,28520,0.03255275806781072
"VEN",2020,61956236,32779,0.05290670014233918
"VEN",2021,71613200,24,0.00003351337462925829
"VEN",2022,76892000,24,0.00003121260989439734
"VNM",2015,215461950,647715,0.3006168838627888
"VNM",2016,223203940,715968,0.32076853123650056
"VNM",2017,229642500,778420,0.3389703560969768
"VNM",2018,257722290,865232,0.33572261056659086
"VNM",2019,341788800,884439,0.2587676951380502
"VNM",2020,363342660,1159475,0.31911336808069823
"VNM",2021,352553020,866347,0.2457352372133984
"VNM",2022,343606620,878020,0.2555305832000559
"WLF",2015,21984,0,0
"WLF",2016,25648,0,0
"WLF",2017,25648,0,0
"WLF",2018,25648,0,0
"WLF",2019,25648,0,0
"WLF",2020,25648,0,0
"WLF",2021,26763,0,0
"WLF",2022,26461,0,0
"YEM",2015,14083540,4,0.000028401950077892347
"YEM",2016,10007327,4,0.00003997071345824914
"YEM",2017,9694605,3,0.000030945046239635347
"YEM",2018,11591975,3,0.000025879972998561503
"YEM",2019,11837194,3,0.000025343844157661014
"YEM",2020,10883986,3,0.00002756343126497958
"YEM",2021,11587916,2,0.000017259358801013056
"YEM",2022,11356347,2,0.000017611297013027164
"ZMB",2015,5064975,185073,3.6539765744154713
"ZMB",2016,5864282,196812,3.356114184140531
"ZMB",2017,6850203,204892,2.9910354481465733
"ZMB",2018,7419369,220369,2.970185200385639
"ZMB",2019,7750827,205740,2.65442642443187
"ZMB",2020,8144346,3853621,47.31651872354146
"ZMB",2021,8663157,3344124,38.60167834889752
"ZMB",2022,8921889,3134802,35.13607936615217
"ZWE",2015,12254954,132777,1.083455719213634
"ZWE",2016,10533453,147043,1.3959619889128476
"ZWE",2017,9295629,142810,1.536313465178096
"ZWE",2018,10714598,146655,1.3687401057883832
"ZWE",2019,9775428,147027,1.504046677035522
"ZWE",2020,7849639,266920,3.4004111526657472
"ZWE",2021,8396158,287003,3.418265830633487
"ZWE",2022,8855981,332474,3.754231180035278
